{"iteration": 0, "iter_time": 9.860806465148926, "data_time": 7.757804870605469, "lr": 0.0, "wd": 0.1, "mom": 0.992, "last_layer_lr": 0.0, "current_batch_size": 32.0, "total_loss": 12.736557960510254, "dino_local_crops_loss": 8.189692497253418, "dino_global_crops_loss": 1.02371084690094, "koleo_loss": 0.79541015625, "ibot_loss": 2.7277445793151855}
{"iteration": 10, "iter_time": 1.475973129272461, "data_time": 0.9495261907577515, "lr": 2.5227864952711056e-08, "wd": 0.09999999980908716, "mom": 0.9920000000160769, "last_layer_lr": 0.0, "current_batch_size": 32.0, "total_loss": 12.736557960510254, "dino_local_crops_loss": 8.189692497253418, "dino_global_crops_loss": 1.023711085319519, "koleo_loss": 0.79541015625, "ibot_loss": 2.7277445793151855}
{"iteration": 20, "iter_time": 0.7030851244926453, "data_time": 0.3455407917499542, "lr": 5.045572990542211e-08, "wd": 0.09999999907598181, "mom": 0.9920000000643074, "last_layer_lr": 0.0, "current_batch_size": 32.0, "total_loss": 12.723062515258789, "dino_local_crops_loss": 8.189671516418457, "dino_global_crops_loss": 1.0237083435058594, "koleo_loss": 0.78125, "ibot_loss": 2.7280049324035645}
{"iteration": 30, "iter_time": 0.7951712012290955, "data_time": 0.43533754348754883, "lr": 1.0091145981084423e-07, "wd": 0.09999999663229735, "mom": 0.9920000002572299, "last_layer_lr": 0.0, "current_batch_size": 32.0, "total_loss": 12.714703559875488, "dino_local_crops_loss": 8.189326286315918, "dino_global_crops_loss": 1.0236657857894897, "koleo_loss": 0.7744140625, "ibot_loss": 2.7280049324035645}
{"iteration": 40, "iter_time": 1.0225880146026611, "data_time": 0.6363577842712402, "lr": 1.5136718971626634e-07, "wd": 0.09999999266131018, "mom": 0.9920000005787674, "last_layer_lr": 0.0, "current_batch_size": 32.0, "total_loss": 12.714703559875488, "dino_local_crops_loss": 8.188756942749023, "dino_global_crops_loss": 1.023593544960022, "koleo_loss": 0.7744140625, "ibot_loss": 2.727776288986206}
{"iteration": 50, "iter_time": 0.9996371269226074, "data_time": 0.6172770261764526, "lr": 2.0182291962168845e-07, "wd": 0.09999998716302046, "mom": 0.9920000010289197, "last_layer_lr": 0.0, "current_batch_size": 32.0, "total_loss": 12.7137451171875, "dino_local_crops_loss": 8.1879243850708, "dino_global_crops_loss": 1.023488998413086, "koleo_loss": 0.7744140625, "ibot_loss": 2.7276790142059326}
{"iteration": 60, "iter_time": 0.7812296152114868, "data_time": 0.4205099940299988, "lr": 2.5227864952711056e-07, "wd": 0.09999998013742832, "mom": 0.9920000016076871, "last_layer_lr": 0.0, "current_batch_size": 32.0, "total_loss": 12.702225685119629, "dino_local_crops_loss": 8.186996459960938, "dino_global_crops_loss": 1.0233756303787231, "koleo_loss": 0.76416015625, "ibot_loss": 2.727693796157837}
{"iteration": 70, "iter_time": 0.7970930933952332, "data_time": 0.43485110998153687, "lr": 3.027343794325327e-07, "wd": 0.09999997158453403, "mom": 0.9920000023150692, "last_layer_lr": 0.0, "current_batch_size": 32.0, "total_loss": 12.683958053588867, "dino_local_crops_loss": 8.185850143432617, "dino_global_crops_loss": 1.0232305526733398, "koleo_loss": 0.74755859375, "ibot_loss": 2.727358341217041}
{"iteration": 80, "iter_time": 1.0189584493637085, "data_time": 0.635379433631897, "lr": 3.531901093379548e-07, "wd": 0.09999996150433782, "mom": 0.9920000031510664, "last_layer_lr": 0.0, "current_batch_size": 32.0, "total_loss": 12.677517890930176, "dino_local_crops_loss": 8.184379577636719, "dino_global_crops_loss": 1.0230472087860107, "koleo_loss": 0.7431640625, "ibot_loss": 2.727587938308716}
{"iteration": 90, "iter_time": 1.0083123445510864, "data_time": 0.6172032356262207, "lr": 4.036458392433769e-07, "wd": 0.09999994989684007, "mom": 0.9920000041156785, "last_layer_lr": 0.0, "current_batch_size": 32.0, "total_loss": 12.67269515991211, "dino_local_crops_loss": 8.18256950378418, "dino_global_crops_loss": 1.022821068763733, "koleo_loss": 0.73974609375, "ibot_loss": 2.727799415588379}
{"iteration": 100, "iter_time": 0.7889758944511414, "data_time": 0.40764737129211426, "lr": 4.5410156914879896e-07, "wd": 0.09999993676204111, "mom": 0.9920000052089053, "last_layer_lr": 0.0, "current_batch_size": 32.0, "total_loss": 12.64486312866211, "dino_local_crops_loss": 8.180768966674805, "dino_global_crops_loss": 1.022596836090088, "koleo_loss": 0.71337890625, "ibot_loss": 2.7277486324310303}
{"iteration": 110, "iter_time": 0.7909590601921082, "data_time": 0.4130500257015228, "lr": 5.045572990542211e-07, "wd": 0.09999992209994138, "mom": 0.9920000064307469, "last_layer_lr": 0.0, "current_batch_size": 32.0, "total_loss": 12.628206253051758, "dino_local_crops_loss": 8.17872428894043, "dino_global_crops_loss": 1.0223404169082642, "koleo_loss": 0.69775390625, "ibot_loss": 2.7277486324310303}
{"iteration": 120, "iter_time": 1.0111134052276611, "data_time": 0.6257535815238953, "lr": 5.550130289596432e-07, "wd": 0.09999990591054134, "mom": 0.9920000077812033, "last_layer_lr": 0.0, "current_batch_size": 32.0, "total_loss": 12.619216918945312, "dino_local_crops_loss": 8.17656421661377, "dino_global_crops_loss": 1.0220695734024048, "koleo_loss": 0.69140625, "ibot_loss": 2.7273497581481934}
{"iteration": 130, "iter_time": 1.0207526683807373, "data_time": 0.6400727033615112, "lr": 6.054687588650654e-07, "wd": 0.09999988819384152, "mom": 0.9920000092602745, "last_layer_lr": 0.0, "current_batch_size": 32.0, "total_loss": 12.604033470153809, "dino_local_crops_loss": 8.17397689819336, "dino_global_crops_loss": 1.0217465162277222, "koleo_loss": 0.6796875, "ibot_loss": 2.7273497581481934}
{"iteration": 140, "iter_time": 0.8088817596435547, "data_time": 0.4380502700805664, "lr": 6.559244887704875e-07, "wd": 0.09999986894984249, "mom": 0.9920000108679603, "last_layer_lr": 0.0, "current_batch_size": 32.0, "total_loss": 12.593050956726074, "dino_local_crops_loss": 8.171524047851562, "dino_global_crops_loss": 1.0214402675628662, "koleo_loss": 0.67333984375, "ibot_loss": 2.72737717628479}
{"iteration": 150, "iter_time": 0.8028508424758911, "data_time": 0.43138375878334045, "lr": 7.063802186759096e-07, "wd": 0.09999984817854485, "mom": 0.9920000126042607, "last_layer_lr": 0.0, "current_batch_size": 32.0, "total_loss": 12.574185371398926, "dino_local_crops_loss": 8.168577194213867, "dino_global_crops_loss": 1.0210729837417603, "koleo_loss": 0.65771484375, "ibot_loss": 2.7271230220794678}
{"iteration": 160, "iter_time": 1.0294862985610962, "data_time": 0.6468132138252258, "lr": 7.568359485813317e-07, "wd": 0.0999998258799493, "mom": 0.9920000144691759, "last_layer_lr": 0.0, "current_batch_size": 32.0, "total_loss": 12.55044937133789, "dino_local_crops_loss": 8.165765762329102, "dino_global_crops_loss": 1.0207217931747437, "koleo_loss": 0.6337890625, "ibot_loss": 2.727316379547119}
{"iteration": 170, "iter_time": 1.091291069984436, "data_time": 0.7063229084014893, "lr": 8.072916784867538e-07, "wd": 0.09999980205405655, "mom": 0.9920000164627053, "last_layer_lr": 0.0, "current_batch_size": 32.0, "total_loss": 12.535876274108887, "dino_local_crops_loss": 8.162689208984375, "dino_global_crops_loss": 1.020338773727417, "koleo_loss": 0.6259765625, "ibot_loss": 2.72750186920166}
{"iteration": 180, "iter_time": 0.9146474599838257, "data_time": 0.5331719517707825, "lr": 8.577474083921758e-07, "wd": 0.09999977670086733, "mom": 0.9920000185848493, "last_layer_lr": 0.0, "current_batch_size": 32.0, "total_loss": 12.518925666809082, "dino_local_crops_loss": 8.159660339355469, "dino_global_crops_loss": 1.0199581384658813, "koleo_loss": 0.61328125, "ibot_loss": 2.7276599407196045}
{"iteration": 190, "iter_time": 0.9071903228759766, "data_time": 0.5182398557662964, "lr": 9.082031382975979e-07, "wd": 0.09999974982038251, "mom": 0.9920000208356077, "last_layer_lr": 0.0, "current_batch_size": 32.0, "total_loss": 12.498008728027344, "dino_local_crops_loss": 8.156537055969238, "dino_global_crops_loss": 1.0195666551589966, "koleo_loss": 0.59521484375, "ibot_loss": 2.7273058891296387}
{"iteration": 200,